331	The Advent of Our God
332	Savior of the Nations, Come
333	God's Own Son Most Holy
334	O Lord How Shall I Meet Thee
335	O Bride of Christ, Rejoice
336	Lo! He Comes with Clouds Descending
337	The Night Will Soon Be Ending
338	Come, Thou Long-Expected Jesus
339	Lift Up Your Heads, You Everlasting Doors
340	Lift Up Your Heads, Ye Mighty Gates
341	Lift Up Your Heads, Ye Mighty Gates
342	What Hope! An Eden Prophesied
343	Prepare the Royal Highway
344	On Jordan's Bank the Baptist's Cry
345	Hark! A Thrilling Voice is Sounding
346	When All the World was Cursed
347	Comfort Comfort All My People
348	The King Shall Come When Morning Dawns
349	Hark the Glad Sound The Savior Comes
350	Come, Thou Precious Ransom, Come
351	Creator of the Stars of Night
352	Let the Earth Now Praise the Lord
353	Jesus Came, the Heavens Adoring
354	Arise, O Christian People
355	O Savior, Rend the Heavens Wide
356	The Angel Gabriel from Heaven Came
357	O Come, O Come, Emmanuel
358	From Heaven Above to Earth I Come
359	Lo, How a Rose e're Blooming
360	All My Heart Again Rejoices
361	O Little Town of Bethlehem
362	O Sing of Christ
363	Silent Night, Holy Night
364	Away in a Manger
365	Away in a Manger
366	It Came Upon the Midnight Clear
367	Angels from the Realms of Glory
368	Angels We Have Heard on High
369	Where Shepherds Lately Knelt
370	What Child is This
371	Come Rejoicing, Praises Voicing
372	O Jesus Christ, Thy Manger Is
373	See Amid the Winter's Snow
374	Gentle Mary Laid Her Child
375	Come, Your Hearts and Voices Raising
376	Once In Royal David's City
377	On Christmas Night All Christians Sing
378	Break Forth, O Beauteous Heavenly Light
379	O Come, All Ye Faithful
380	Hark! the Herald Angels Sing
381	Christ the Lord to Us is Born
382	We Praise You, Jesus, at Your Birth
383	A Great and Mighty Wonder
384	Of the Father's Love Begotten
385	From East to West From Shore to Shore
386	Now Sing We, Now Rejoice
387	Joy to the World the Lord is Come
388	Go Tell it on the Mountain
389	Let All Together Praise Our God
390	Let Us All with Gladsome Voice
391	Rejoice, Rejoice This Happy Morn
392	God Loves Me Dearly
393	Infant Holy, Infant Lowly
394	Songs of Thankfulness and Praise
395	O Morning Star, How Fair and Bright
396	Arise and Shine in Splendor
397	As with Gladness Men of Old
398	Hail to the Lord's Anointed
399	The Star Proclaims the King is Here
400	Brightest and Best of the Sons of the Morning
401	From God the Father, Virgin-Born
402	The Only Son from Heaven
403	O Savior of Our Fallen Race
404	Jesus, Once with Sinners Numbered
405	To Jordan's River Came Our Lord
406	To Jordan Came the Christ, Our Lord
407	To Jordan Came the Christ, Our Lord
408	Come, Join in Cana's Feast
409	Hail, O Source of Every Blessing
410	Within the Father's House
411	I Want to Walk as a Child of the Light
412	The People That in Darkness Sat
413	O Wondrous Type! O Vision Fair
414	'Tis Good, Lord, to Be Here
415	Jesus on the Mountain Peak
416	Swiftly Pass the Clouds of Glory
417	Alleluia, Song of Gladness
418	O Lord, Throughout These Forty Days
419	Savior When in Dust to Thee
420	Christ, the Life of All the Living
421	Jesus, Grant that Balm and Healing
422	On My Heart Imprint Thine Image
423	Jesus, Refuge of the Weary
424	O Christ, You Walked the Road
425	When I Survey the Wondrous Cross
426	When I Survey the Wondrous Cross
427	In the Cross of Christ I Glory
428	Cross of Jesus, Cross of Sorrow
429	We Sing the Praise of Him Who Died
430	My Song is Love Unknown
431	Not All the Blood of Beasts
432	In Silent Pain the Eternal Son
433	Glory Be to Jesus
434	Lamb of God, Pure and Holy
435	Come to Calvary's Holy Mountain
436	Go to Dark Gethsemane
437	Alas! And Did My Savior Bleed
438	A Lamb alone bears willingly
439	O Dearest Jesus, What Law Hast Thou Broken
440	Jesus, I Will Ponder Now
441	Ride On, Ride On in Majesty
442	All Glory, Laud, and Honor
443	Hosanna, Loud Hosanna
444	No Tramp of Soldiers' Marching Feet
445	When You Woke That Thursday Morning
446	Jesus, Greatest at the Table
447	Jesus, in Your Dying Woes
448	O Darkest Woe
449	O Sacred Head, Now Wounded
450	O Sacred Head, Now Wounded
451	Stricken, Smitten, and Afflicted
452	O Perfect Life of Love
453	Upon the Cross Extended
454	Sing, My Tongue, the Glorious Battle
455	The Royal Banners Forward Go
456	Were You There When They Crucified My Lord
457	Jesus Christ is Risen Today
458	Christ Jesus lay in Death's Strong Bands
459	Christ is Arisen
460	Christians, to the Paschal Victim
461	I Know that My Redeemer Lives
462	All the Earth with Joy Is Sounding
463	Christ the Lord is Risen Today; Alleluia
464	The Strife is O'er, the Battle Done
465	Now All the Vault of Heaven Resounds
466	Christ Has Arisen, Alleluia
467	Awake, My Heart, with Gladness
468	I am Content! My Jesus Ever Lives
469	Christ the Lord is Risen Today
470	O Sons and Daughters of the King
471	O Sons and Daughters of the King
472	These Things Did Thomas Count as Real
473	Our Paschal Lamb, That Sets Us Free
474	Alleluia! Jesus is Risen
475	Good Christian Friends, Rejoice and Sing
476	Who are You Who Walk in Sorrow
477	Alleluia, Alleluia! Hearts to Heaven
478	The Day of Resurrection
479	Christ Is Risen, Christ Is Living
480	He's Risen, He's Risen
481	Scatter the Darkness, Break the Gloom
482	This Joyful Eastertide
483	With High Delight Let Us Unite
484	Make Songs of Joy to Christ Our Head
485	Long Before the World Is Waking
486	If Christ Had Not Been Raised From Death
487	Come, You Faithful, Raise the Strain
488	He is Arisen! Glorious Word
489	Hail Thee, Festival Day
490	Jesus Lives! The Victory's Won
491	Up Through Endless Ranks of Angels
492	On Christ's Ascension I Now Build
493	A Hymn of Glory Let Us Sing
494	See, the Lord Ascends in Triumph
495	Look, Ye Saints, the Sight Is Glorious
496	Holy Ghost with Light Divine
497	Come, Holy Ghost, God and Lord
498	Come, Holy Ghost, Creator Blest
499	Come Holy Ghost Our Souls Inspire
500	Creator Spirit, by Whose Aid
501	Come Down, O Love Divine
502	Holy Spirit, the Dove Sent from Heaven
503	O Day Full of Grace
504	Father Most Holy
505	Triune God, Be Thou Our Stay
506	Glory Be to God the Father
507	Holy, Holy, Holy, Lord God Almighty
508	The Day is Surely Drawing Near
509	Christ is Surely Coming
510	A Multitude Comes from the East and the West
511	Herald, Sound the Note of Judgment
512	At the Name of Jesus
513	The Clouds of Judgment Gather
514	The Bridegroom Soon Will Call Us
515	Rejoice, Rejoice, Believers
516	Wake, Awake, for Night is Flying
517	By All Your Saints in Warfare
518	By All Your Saints in Warfare
519	In His Temple Now Behold Him
520	Stars of the Morning, So Gloriously Bright
521	Christ, the Lord of Hosts, Unshaken
522	Lord God, to Thee We Give All Praise
523	O Word of God Incarnate
524	How Sweet the Name of Jesus Sounds
525	Crown Him with Many Crowns
526	You Are the Way; Through You Alone
527	O Savior, Precious Savior
528	Oh, for a Thousand Tongues to Sing
529	Since Our Great High Priest, Christ Jesus
530	No Temple Now, No Gift of Price
531	Hail, Thou Once Despised Jesus
532	The Head that Once was Crowned with Thorns
533	Jesus Has Come and Brings Pleasures
534	Lord, Enthroned in Heavenly Splendor
535	How Wide the Love of Christ
536	One Thing's Needful Lord This Treasure
537	Beautiful Savior
538	Praise Be to Christ
539	Christ Is the World's Redeemer
540	Christ, the Word of God Incarnate
541	"Away from Us!" the Demon Cried
542	When I Behold Jesus Christ
543	What Wondrous Love is This
544	O Love, How Deep
545	Word of God, Come Down on Earth
546	O Jesus So Sweet, O Jesus So Mild
547	The Lamb
548	Thanks to Thee, O Christ, Victorious
549	All Hail the Power of Jesus' Name
550	Lamb of God
551	When to Our World the Savior Came
552	O Christ, Who Shared Our Mortal Life
553	O Christ, Our Hope, Our Heart's Desire
554	O Jesus, King Most Wonderful
555	Salvation Unto Us Has Come
556	Dear Christians, One and All, Rejoice
557	Seek Where Ye May to Find a Way
558	Not Unto Us
559	Oh, How Great Is Your Compassion
560	Drawn to the Cross, which Thou hast Blest
561	The Tree of Life
562	All Mankind Fell in Adam's Fall
563	Jesus, Thy Blood and Righteousness
564	Christ Sits at God's Right Hand
565	Thy Works, Not Mine, O Christ
566	By Grace I'm Saved
567	Not What These Hands have Done
568	If Your Beloved Son, O God
569	In Adam We Have All Been One
570	Just as I am, Without One Plea
571	God Loved the World So that He Gave
572	In the Shattered Bliss of Eden
573	Lord, 'Tis Not that I did Choose Thee
574	Before the Throne of God Above
575	My Hope is Built on Nothing Less
576	My Hope is Built on Nothing Less
577	Almighty God, Your Word is Cast
578	Thy Strong Word
579	The Law of God Is Good and Wise
580	The Gospel Shows the Father's Grace
581	Here is the Tenfold Sure Command
582	God's Word Is Our Great Heritage
583	God has Spoken by His Prophets
584	Faith and Truth and Life Bestowing
585	Lord Jesus Christ, with Us Abide
586	Preach You the Word
587	I Know My Faith is Founded
588	Jesus Loves Me
589	Speak, O Lord, Your Servant Listens
590	Baptized into Thy Name Most Holy
591	This is the Spirit's Entry Now
592	Dearest Jesus, We Are Here
593	See This Wonder in the Making
594	God's Own Child, I Gladly Say It
595	O Blessed Spring
596	All Christians Who Have Been Baptized
597	Water, Blood, and Spirit Crying
598	Once in the Blest Baptismal Waters
599	O Gracious Lord, With Love Draw Near
600	Mark How the Lamb of God's Self-Offering
601	All Who Believe and Are Baptized
602	The Gifts Christ Freely Gives
603	We Know that Christ is Raised
604	I Bind Unto Myself Today
605	Father Welcomes
606	I Lay My Sins on Jesus
607	From Depths of Woe I Cry to Thee
608	Lord, to You I Make Confession
609	Jesus Sinners Does Receive
610	Lord Jesus, Think on Me
611	Chief of Sinners Though I Be
612	As Rebels, Lord, Who Foolishly Have Wandered
613	To Thee, Omniscient Lord of All
614	"As Surely as I Live," God Said
615	When in the Hour of Deepest Need
616	Baptismal Waters Cover Me
617	O Lord, We Praise Thee
618	I Come, O Savior, to Thy Table
619	Thy Body, Given for Me, O Savior
620	Jesus Comes Today with Healing
621	Let All Mortal Flesh Keep Silence
622	Lord Jesus Christ, You Have Prepared
623	Lord Jesus Christ, We Humbly Pray
624	The Infant Priest Was Holy Born
625	Lord Jesus Christ, Life-Giving Bread
626	Come, Let Us Eat
627	Jesus Christ, Our Blessed Savior
628	Thy Table I Approach
629	What Is This Bread
630	Now, My Tongue, the Mystery Telling
631	Here, O My Lord, I See Thee Face To Face
632	O Jesus Blessed Lord My Praise
633	At the Lamb's High Feast We Sing
634	The Death of Jesus Christ, Our Lord
635	O Gracious Lord, I Firmly Am Believing
636	Soul, Adorn Yourself with Gladness
637	Draw Near and Take the Body of the Lord
638	Eat This Bread
639	Wide Open Stand the Gates
640	Thee We Adore, O Hidden Savior
641	You Satisfy the Hungry Heart
642	O Living Bread from Heaven
643	Sent Forth By God's Blessing
644	The Church's One Foundation
645	Built on the Rock
646	Church of God, Elect and Glorious
647	Lord Jesus Christ, the Church's Head
648	Glorious Things of Thee are Spoken
649	Blest Be the Tie that Binds
650	Holy Spirit, Ever Dwelling
651	I Love Your Kingdom, Lord
652	Father, We Thank Thee
653	In Christ There is No East or West
654	Your Kingdom, O God, Is My Glorious Treasure
655	Lord, Keep Us Steadfast in Your Word
656	A Mighty Fortress Is Our God
657	A Mighty Fortress Is Our God
658	Preserve Your Word, O Savior
659	Lord of Our Life
660	Stand Up, Stand Up for Jesus
661	The Son of God Goes Forth to War
662	Onward, Christian Soldiers
663	Rise, My Soul, to Watch and Pray
664	Fight the Good Fight
665	Be Strong in the Lord
666	O Little Flock, Fear Not the Foe
667	Saints, See the Cloud of Witnesses
668	Rise! To Arms! With Prayer Employ You
669	Come, We That Love the Lord
670	Ye Watchers and Ye Holy Ones
671	Sing with All the Saints in Glory
672	Jerusalem the Golden
673	Jerusalem, My Happy Home
674	Jerusalem, O City Fair and High
675	Oh, What Their Joy
676	Behold a Host, Arrayed in White
677	For All the Saints
678	We Sing for All the Unsung Saints
679	Oh, How Blest Are They
680	Thine the Amen, Thine the Praise
681	Send, O Lord, Your Holy Spirit
682	God of the Prophets, Bless the Prophets' Sons
683	Jesus, Thy Boundless Love to Me
684	Come unto Me, Ye Weary
685	Let Us Ever Walk with Jesus
686	Come, Thou Fount of Every Blessing
687	Thine Forever, God of Love
688	"Come, Follow Me," the Savior Spake
689	Let Me Be Thine Forever
690	Hope of the World
691	Fruitful Trees, the Spirit's Sowing
692	Praise and Thanks and Adoration
693	O Holy Spirit, Grant Us Grace
694	Thee Will I Love, My Strength, My Tower
695	Not for Tongues of Heaven's Angels
696	O God, My Faithful God
697	Awake, O Sleeper, Rise from Death
698	May We Thy Precepts Lord Fulfill
699	I Heard the Voice of Jesus Say
700	Love Divine, All Loves Excelling
701	Draw Us to Thee
702	My Faith Looks Trustingly
703	How Can I Thank You, Lord
704	Renew Me, O Eternal Light
705	The Man is Ever Blessed
706	Love in Christ is Strong and Living
707	Oh, That the Lord Would Guide My Ways
708	Lord, Thee I Love with All My Heart
709	The King of Love My Shepherd Is
710	The Lord's My Shepherd, I'll Not Want
711	Savior, Like a Shepherd Lead Us
712	Seek Ye First
713	From God can Nothing Move Me
714	Who Trusts in God a Strong Abode
715	Jesus, Savior, Pilot Me
716	I Walk in Danger All the Way
717	Eternal Father, Strong to Save
718	Jesus, Lead Thou On
719	I Leave All Things to God's Direction
720	We Walk by Faith and Not By Sight
721	Lead Me, Guide Me
722	Lord, Take My Hand and Lead Me
723	The Lord is My Light
724	If God Himself Be For Me
725	Children of the Heavenly Father
726	Evening and Morning
727	On Eagles' Wings
728	How Firm a Foundation
729	I Am Trusting Thee Lord Jesus
730	What Is the World to Me
731	O God, Forsake Me Not
732	All Depends on Our Possessing
733	O God Our Help in Ages Past
734	I Trust, O Lord, Your Holy Name
735	Have No Fear, Little Flock
736	Consider How the Birds Above
737	Rejoice, My Heart, Be Glad and Sing
738	Lord of All Hopefulness
739	Precious Lord, Take My Hand
740	I Am Jesus' Little Lamb
741	Jesus Christ, My Sure Defense
742	For Me to Live Is Jesus
743	Jesus, Priceless Treasure
744	Amazing Grace
745	In God, My Faithful God
746	Through Jesus' Blood and Merit
747	No Saint on Earth Lives Life to Self Alone
748	I'm But a Stranger Here
749	There Is a Balm in Gilead
750	If Thou But Suffer God to Guide Thee
751	O God of Love, O King of Peace
752	Be Still, My Soul
753	All for Christ I Have Forsaken
754	Commit Whatever Grieves Thee
755	Even as We Live Each Day
756	When I Suffer Pains and Losses
757	Lord, It Belongs Not to My Care
758	The Will of God Is Always Best
759	This Body in the Grave We Lay
760	What God Ordains Is Always Good
761	Rock of Ages, Cleft for Me
762	There is a Time for Ev'rything
763	It Is Well with My Soul
764	When Aimless Violence Takes Those We Love
765	God Moves in a Mysterious Way
766	Our Father, Who From Heaven Above
767	Jesus, Remember Me
768	To God the Holy Spirit Let Us Pray
769	Eternal Spirit of the Living Christ
770	What a Friend We Have in Jesus
771	Be Still, My Soul, before the Lord
772	In Holy Conversation
773	Hear Us, Father, When We Pray
774	Feed Thy Children, God Most Holy
775	Be Present at Our Table, Lord
776	Come, Lord Jesus, Be Our Guest
777	Grant Peace, We Pray, in Mercy, Lord
778	Grant Peace, We Pray, in Mercy, Lord
779	Come, My Soul, with Every Care
780	O Lord, Hear My Prayer
781	We Give Thee But Thine Own
782	Gracious God, You Send Great Blessings
783	Take My Life and Let It Be
784	Take My Life and Let It Be
785	We Praise You, O God, Our Redeemer
786	Lord of All Good
787	The Temple Rang with Golden Coins
788	Forgive Us, Lord, for Shallow Thankfulness
789	Praise and Thanksgiving
790	Praise to the Lord, the Almighty
791	All People that on Earth Do Dwell
792	New Songs of Celebration Render
793	Praise, My Soul, the King of Heaven
794	The Lord, My God, Be Praised
795	Voices Raised to You We Offer
796	When in Our Music God is Glorified
797	Praise the Almighty; My Soul, Adore Him
798	The God of Abraham Praise
799	Alabare
800	Alabare
801	How Great Thou Art
802	Immortal, Invisible, God Only Wise
803	Joyful, Joyful We Adore Thee
804	O Worship the King
805	Praise God from Whom All Blessings Flow
806	Give Thanks with a Grateful Heart
807	When Morning Gilds the Skies
808	O Sing to the Lord
809	Great Is Thy Faithfulness
810	O God of God, O Light of Light
811	O That I Had a Thousand Voices
812	Come, Let Us Join Our Cheerful Songs
813	Rejoice, O Pilgrim Throng
814	O Bless the Lord, My Soul
815	All Praise to Thee, for Thou, O King Divine
816	From All that Dwell Below the Skies
817	Earth and All Stars
818	In Thee is Gladness
819	Sing Praise to God, the Highest Good
820	My Soul, Now Praise Your Maker
821	Alleluia! Sing to Jesus
822	Alleluia Let Praises Ring
823	May God Bestow on Us His Grace
824	May God Bestow on Us His Grace
825	Rise, Shine, You People
826	Hark the Voice of Jesus Crying
827	Hark the Voice of Jesus Calling
828	We Are Called to Stand Together
829	Christ the Eternal Lord
830	Spread Abroad, O Mighty Word
831	"How Shall they Hear," Who Have Not Heard
832	Jesus Shall Reign (Where’er the Sun)
833	Listen, God Is Calling
834	O God, O Lord of Heaven and Earth
835	On Galilee's High Mountain
836	O God of Light
837	Lift High the Cross
838	The Saints in Christ Are One in Every Place
839	O Christ, Our True and Only Light
840	Christ High-Ascended, Now In Glory Seated
841	O Son of God, in Galilee
842	Son of God, Eternal Savior
843	Forgive Our Sins as We Forgive
844	Lord of All Nations, Grant Me Grace
845	Where Charity and Love Prevail
846	Your Hand, O Lord, in Days of Old
847	Christ, Our Human Likeness Sharing
848	Lord, Whose Love through Humble Service
849	Praise the One Who Breaks the Darkness
850	God of Grace and God of Glory
851	Lord of Glory, You have Bought Us
852	O God of Mercy God of Light
853	How Clear Is Our Vocation, Lord
854	Forth in Thy Name, O Lord, I Go
855	For All the Faithful Women
856	O Christ, Who Called the Twelve
857	Lord, Help Us Walk Your Servant Way
858	O Father, All Creating
859	Lord Who at Cana's Wedding-Feast
860	Gracious Savior, Grant Your Blessing
861	Christ be My Leader
862	O Blest the House Whate'er Befall
863	Our Father, By Whose Name
864	Shepherd of Tender Youth
865	Lord, Help Us Ever to Retain
866	Lord Jesus Christ, the Children's Friend
867	Let Children Hear the Mighty Deeds
868	Awake, My Soul, and with the Sun
869	With the Lord Begin Thy Task
870	Now that the Daylight Fills the Sky
871	Greet the Rising Sun
872	Come, Thou Bright and Morning Star
873	Christ, Whose Glory Fills the Skies
874	O Splendor of God's Glory Bright
875	Father, We Praise Thee
876	O Blessed, Holy Trinity
877	God, Who Made the Earth and Heaven
878	Abide with Me
880	Now Rest Beneath Night's Shadow
881	Christ, Mighty Savior
882	O Christ, Who Art the Light and Day
883	All Praise to Thee My God This Night
884	Lord, Support Us All Day Long
885	I Lie, O Lord, within Your Care
886	The Day Thou Gavest
887	Now the Light has Gone Away
888	O Gladsome Light, O Grace
889	Before the Ending of the Day
890	O Blessed Light, O Trinity
891	O Light Whose Splendor
892	Come, Ye Thankful People, Come
893	Sing to the Lord of Harvest
894	For the Fruit of All Creation
895	Now Thank We All Our God
896	Greet Now the Swiftly Changing Year
897	O Rejoice, All Christians, Loudly
898	The Ancient Law Departs
899	Across the Sky the Shades of Night
900	Jesus! Name of Wondrous Love
901	Open Now Thy Gates of Beauty
902	Lord Jesus Christ, Be Present Now
903	This Is the Day the Lord Has Made
904	Blessed Jesus, at Your Word
905	Come, Thou Almighty King
906	O Day of Rest and Gladness
907	God Himself is Present
908	Lord, Open Now My Heart to Hear
909	Christ is Made the Sure Foundation
910	Now the Silence
911	Lord, This Day We've Come to Worship
912	Christ Is Our Cornerstone
913	O Holy Spirit, Enter In
914	Light of Light, O Sole-Begotten
915	Today Thy Mercy Calls Us
916	Only-Begotten, Word of God Eternal
917	Savior Again to Thy Dear Name We Raise
918	Guide Me, O Thou Great Redeemer
919	Abide, O Dearest Jesus
920	Forth in the Peace of Christ We Go
921	On What has Now Been Sown
922	Go, My Children, with My Blessing
923	Almighty Father, Bless the Word
924	Lord, Dismiss Us with Your Blessing
925	Song of Moses and Israel
926	Song from Deuteronomy
927	First Song of Isaiah
928	Song of Hannah
929	I Will Greatly Rejoice in the Lord
930	All You Works of God, Bless the Lord
931	All You Works of the Lord
932	Jesus Sat With His Disciples
933	My Soul Rejoices
934	My Soul Doth Magnify the Lord
935	Tell Out, My Soul, the Greatness of the Lord
936	Sing Praise to the God of Israel
937	Lord, Bid Your Servant Go in Peace
938	I Love as You Have Promised Lord
939	You Are God; We Praise You
940	Holy God, We Praise Thy Name
941	We Praise You and Acknowledge You, O God
942	Kyrie! God, Father in Heaven Above
943	Kyrie—I
944	Kyrie—II
945	Your Heart, O God, is Grieved
946	Glory to God, We Give You Thanks and Praise
947	All Glory Be to God on High
948	All Glory Be to God Alone
949	Heavenly Hosts in Ceaseless Worship
950	Splendor and Honor
951	Alleluia—I
952	Alleluia—II
953	We All Believe in One True God
954	We All Believe in One True God
955	Let the Vineyards Be Fruitful
956	Create in Me (a Clean Heart)
957	Our Father Who Are in Heaven—I
958	Our Father Who Are in Heaven—IIa
959	Our Father Who Are in Heaven—IIb
960	Isaiah, Mighty Seer in Days of Old
961	Sanctus
962	Agnus Dei—I
963	Agnus Dei—II
964	Lift Every Voice and Sing
965	God Bless Our Native Land
966	Before You, Lord, We Bow
967	Ride On, Ride On in Majesty
968	My Lord, What a Morning
969	Sweet Flowerets of the Martyr Band
971	There is a Redeemer
972	I Trust, O Christ, in You Alone
974	Jesus Sinners Does Receive
975	Blest Be the Tie that Binds
976	Give Me Jesus
977	I Will Sing My Father's Praises
978	How Majestic Is Your Name
979	God, Whose Almighty Word
980	Jesu, Jesu, Fill Us with Your Love
981	To Your Temple, Lord, I Come
983	Seek the Lord
984	Oh, That You Would Rend the Heavens
985	Song of Jonah
986	Song of Habakkuk
